{
  "tools": {
    "axe": {
      "name": "Axe",
      "icon": "minecraft:diamond_axe",
      "toollist": [
        "IC2:itemToolBronzeAxe",
        "IC2:itemToolChainsaw",
        "TConstruct:hatchet",
        "appliedenergistics2:item.ToolCertusQuartzAxe",
        "appliedenergistics2:item.ToolNetherQuartzAxe",
        "minecraft:diamond_axe",
        "minecraft:golden_axe",
        "minecraft:iron_axe",
        "minecraft:stone_axe",
        "minecraft:wooden_axe"
      ],
      "blocklist": [
        "ChromatiCraft:chromaticraft_block_dyeleaf/0",
        "ChromatiCraft:chromaticraft_block_dyeleaf/1",
        "ChromatiCraft:chromaticraft_block_dyeleaf/2",
        "ChromatiCraft:chromaticraft_block_dyeleaf/3",
        "ChromatiCraft:chromaticraft_block_dyeleaf/4",
        "ChromatiCraft:chromaticraft_block_dyeleaf/5",
        "ChromatiCraft:chromaticraft_block_dyeleaf/6",
        "ChromatiCraft:chromaticraft_block_dyeleaf/7",
        "ChromatiCraft:chromaticraft_block_dyeleaf/8",
        "ChromatiCraft:chromaticraft_block_dyeleaf/9",
        "ChromatiCraft:chromaticraft_block_dyeleaf/10",
        "ChromatiCraft:chromaticraft_block_dyeleaf/11",
        "ChromatiCraft:chromaticraft_block_dyeleaf/12",
        "ChromatiCraft:chromaticraft_block_dyeleaf/13",
        "ChromatiCraft:chromaticraft_block_dyeleaf/14",
        "ChromatiCraft:chromaticraft_block_dyeleaf/15",
        "ExtraTrees:log/0",
        "ExtraTrees:log/1",
        "ExtraTrees:log/2",
        "ExtraTrees:log/3",
        "ExtraTrees:log/4",
        "ExtraTrees:log/5",
        "ExtraTrees:log/6",
        "ExtraTrees:log/7",
        "ExtraTrees:log/8",
        "ExtraTrees:log/9",
        "ExtraTrees:log/10",
        "ExtraTrees:log/11",
        "ExtraTrees:log/12",
        "ExtraTrees:log/13",
        "ExtraTrees:log/14",
        "ExtraTrees:log/15",
        "ExtraTrees:log/16",
        "ExtraTrees:log/17",
        "ExtraTrees:log/18",
        "ExtraTrees:log/19",
        "ExtraTrees:log/20",
        "ExtraTrees:log/21",
        "ExtraTrees:log/22",
        "ExtraTrees:log/23",
        "ExtraTrees:log/24",
        "ExtraTrees:log/25",
        "ExtraTrees:log/26",
        "ExtraTrees:log/27",
        "ExtraTrees:log/28",
        "ExtraTrees:log/29",
        "ExtraTrees:log/30",
        "ExtraTrees:log/31",
        "ExtraTrees:log/32",
        "ExtraTrees:log/33",
        "ExtraTrees:log/34",
        "ExtraTrees:log/35",
        "ExtraTrees:log/36",
        "ExtraTrees:log/37",
        "ExtraTrees:log/38",
        "ExtraTrees:log/39",
        "Forestry:leaves",
        "Forestry:logs",
        "Forestry:logsFireproof",
        "IC2:blockRubLeaves",
        "Natura:Dark Leaves",
        "Natura:Dark Tree/0",
        "Natura:Dark Tree/1",
        "Natura:Rare Leaves",
        "Natura:Rare Tree/0",
        "Natura:Rare Tree/1",
        "Natura:Rare Tree/2",
        "Natura:Rare Tree/3",
        "Natura:floraleaves",
        "Natura:floraleavesnocolor",
        "Natura:redwood/1",
        "Natura:tree/0",
        "Natura:tree/1",
        "Natura:tree/2",
        "Natura:tree/3",
        "Natura:willow/0",
        "TaintedMagic:BlockWarpwoodLog/0",
        "Thaumcraft:blockMagicalLog",
        "Thaumcraft:blockMagicalLog/0",
        "Thaumcraft:blockMagicalLog/1",
        "harvestcraft:pamCinnamon/0",
        "harvestcraft:pamMaple/0",
        "harvestcraft:pamPaperbark/0",
        "minecraft:fence",
        "minecraft:leaves",
        "minecraft:leaves2",
        "minecraft:log",
        "minecraft:log2",
        "thaumicbases:genLogs",
        "witchery:witchleaves",
        "witchery:witchlog"
      ]
    },
    "crook": {
      "name": "Crook",
      "icon": "exnihilo:crook",
      "toollist": [
        "exnihilo:crook",
        "exnihilo:crook_bone"
      ],
      "blocklist": [
        "minecraft:leaves",
        "minecraft:leaves2",
        "minecraft:tallgrass",
        "minecraft:vine",
        "minecraft:web",
        "minecraft:wool"
      ]
    },
    "hammer": {
      "name": "Hammer",
      "icon": "exnihilo:hammer_stone",
      "toollist": [
        "exnihilo:hammer_diamond",
        "exnihilo:hammer_gold",
        "exnihilo:hammer_iron",
        "exnihilo:hammer_stone",
        "exnihilo:hammer_wood"
      ],
      "blocklist": [
        "exnihilo:aluminum_dust",
        "exnihilo:aluminum_gravel",
        "exnihilo:aluminum_sand",
        "exnihilo:copper_dust",
        "exnihilo:copper_gravel",
        "exnihilo:copper_sand",
        "exnihilo:dust",
        "exnihilo:ender_lead_gravel",
        "exnihilo:ender_platinum_gravel",
        "exnihilo:ender_silver_gravel",
        "exnihilo:ender_tin_gravel",
        "exnihilo:exnihilo.gravel_ender",
        "exnihilo:exnihilo.gravel_nether",
        "exnihilo:gold_dust",
        "exnihilo:gold_gravel",
        "exnihilo:gold_sand",
        "exnihilo:iron_dust",
        "exnihilo:iron_gravel",
        "exnihilo:iron_sand",
        "exnihilo:lead_dust",
        "exnihilo:lead_gravel",
        "exnihilo:lead_sand",
        "exnihilo:nether_copper_gravel",
        "exnihilo:nether_gold_gravel",
        "exnihilo:nether_iron_gravel",
        "exnihilo:nether_nickel_gravel",
        "exnihilo:nickel_dust",
        "exnihilo:nickel_gravel",
        "exnihilo:nickel_sand",
        "exnihilo:platinum_dust",
        "exnihilo:platinum_gravel",
        "exnihilo:platinum_sand",
        "exnihilo:silver_dust",
        "exnihilo:silver_gravel",
        "exnihilo:silver_sand",
        "exnihilo:tin_dust",
        "exnihilo:tin_gravel",
        "exnihilo:tin_sand",
        "minecraft:cobblestone",
        "minecraft:gravel",
        "minecraft:sand"
      ]
    },
    "hoe": {
      "name": "Hoe",
      "icon": "minecraft:diamond_hoe",
      "toollist": [
        "IC2:itemToolBronzeHoe",
        "TConstruct:mattock",
        "appliedenergistics2:item.ToolCertusQuartzHoe",
        "appliedenergistics2:item.ToolNetherQuartzHoe",
        "minecraft:diamond_hoe",
        "minecraft:golden_hoe",
        "minecraft:iron_hoe",
        "minecraft:stone_hoe",
        "minecraft:wooden_hoe"
      ],
      "blocklist": [
        "minecraft:carrots",
        "minecraft:melon_block",
        "minecraft:potatoes",
        "minecraft:pumpkin",
        "minecraft:wheat"
      ]
    },
    "pickaxe": {
      "name": "Pickaxe",
      "icon": "minecraft:diamond_pickaxe",
      "toollist": [
        "IC2:itemToolBronzePickaxe",
        "IC2:itemToolDDrill",
        "IC2:itemToolDrill",
        "IC2:itemToolIridiumDrill",
        "TConstruct:pickaxe",
        "appliedenergistics2:item.ToolCertusQuartzPickaxe",
        "appliedenergistics2:item.ToolNetherQuartzPickaxe",
        "minecraft:diamond_pickaxe",
        "minecraft:golden_pickaxe",
        "minecraft:iron_pickaxe",
        "minecraft:stone_pickaxe",
        "minecraft:wooden_pickaxe"
      ],
      "blocklist": [
        "BigReactors:YelloriteOre/0",
        "DraconicEvolution:draconiumOre/0",
        "ElectriCraft:electricraft_block_ore/0",
        "ElectriCraft:electricraft_block_ore/1",
        "ElectriCraft:electricraft_block_ore/2",
        "ElectriCraft:electricraft_block_ore/3",
        "ElectriCraft:electricraft_block_ore/4",
        "ElectriCraft:electricraft_block_ore/5",
        "Forestry:resources/0",
        "Forestry:resources/1",
        "Forestry:resources/2",
        "IC2:blockOreCopper/0",
        "IC2:blockOreLead/0",
        "IC2:blockOreTin/0",
        "IC2:blockOreUran/0",
        "ImmersiveEngineering:ore/0",
        "ImmersiveEngineering:ore/1",
        "ImmersiveEngineering:ore/2",
        "ImmersiveEngineering:ore/3",
        "ImmersiveEngineering:ore/4",
        "Mekanism:OreBlock/0",
        "Mekanism:OreBlock/1",
        "Mekanism:OreBlock/2",
        "Mimicry:Sparr_Mimichite Ore/0",
        "Mimicry:Sparr_Mimichite Ore/1",
        "Mimicry:Sparr_Mimichite Ore/2",
        "NuclearCraft:blockOre/0",
        "NuclearCraft:blockOre/1",
        "NuclearCraft:blockOre/2",
        "NuclearCraft:blockOre/3",
        "NuclearCraft:blockOre/4",
        "NuclearCraft:blockOre/5",
        "NuclearCraft:blockOre/6",
        "NuclearCraft:blockOre/7",
        "NuclearCraft:blockOre/8",
        "NuclearCraft:blockOre/9",
        "PracticalLogistics:SapphireOre/0",
        "ProjRed|Exploration:projectred.exploration.ore/0",
        "ProjRed|Exploration:projectred.exploration.ore/1",
        "ProjRed|Exploration:projectred.exploration.ore/2",
        "ProjRed|Exploration:projectred.exploration.ore/3",
        "ProjRed|Exploration:projectred.exploration.ore/4",
        "ProjRed|Exploration:projectred.exploration.ore/5",
        "ProjRed|Exploration:projectred.exploration.ore/6",
        "Railcraft:ore/0",
        "Railcraft:ore/1",
        "Railcraft:ore/2",
        "Railcraft:ore/3",
        "Railcraft:ore/4",
        "Railcraft:ore/5",
        "Railcraft:ore/7",
        "Railcraft:ore/8",
        "Railcraft:ore/9",
        "Railcraft:ore/10",
        "Railcraft:ore/11",
        "ReactorCraft:reactorcraft_block_fluoriteore/0",
        "ReactorCraft:reactorcraft_block_fluoriteore/1",
        "ReactorCraft:reactorcraft_block_fluoriteore/2",
        "ReactorCraft:reactorcraft_block_fluoriteore/3",
        "ReactorCraft:reactorcraft_block_fluoriteore/4",
        "ReactorCraft:reactorcraft_block_fluoriteore/5",
        "ReactorCraft:reactorcraft_block_fluoriteore/6",
        "ReactorCraft:reactorcraft_block_fluoriteore/7",
        "ReactorCraft:reactorcraft_block_ore/1",
        "ReactorCraft:reactorcraft_block_ore/2",
        "ReactorCraft:reactorcraft_block_ore/3",
        "ReactorCraft:reactorcraft_block_ore/4",
        "ReactorCraft:reactorcraft_block_ore/5",
        "ReactorCraft:reactorcraft_block_ore/6",
        "ReactorCraft:reactorcraft_block_ore/7",
        "ReactorCraft:reactorcraft_block_ore/8",
        "ReactorCraft:reactorcraft_block_ore/9",
        "TConstruct:GravelOre/0",
        "TConstruct:GravelOre/1",
        "TConstruct:GravelOre/2",
        "TConstruct:GravelOre/3",
        "TConstruct:GravelOre/4",
        "TConstruct:GravelOre/5",
        "TConstruct:SearedBrick/1",
        "TConstruct:SearedBrick/2",
        "TConstruct:SearedBrick/3",
        "TConstruct:SearedBrick/4",
        "TConstruct:SearedBrick/5",
        "TConstruct:ore.berries.one/0",
        "TConstruct:ore.berries.one/1",
        "TConstruct:ore.berries.one/2",
        "TConstruct:ore.berries.one/3",
        "TConstruct:ore.berries.two/0",
        "TConstruct:ore.berries.two/1",
        "TaintedMagic:BlockShadowOre/0",
        "Thaumcraft:blockCustomOre/0",
        "Thaumcraft:blockCustomOre/1",
        "Thaumcraft:blockCustomOre/2",
        "Thaumcraft:blockCustomOre/3",
        "Thaumcraft:blockCustomOre/4",
        "Thaumcraft:blockCustomOre/5",
        "Thaumcraft:blockCustomOre/6",
        "Thaumcraft:blockCustomOre/7",
        "ThermalFoundation:Ore/0",
        "ThermalFoundation:Ore/1",
        "ThermalFoundation:Ore/2",
        "ThermalFoundation:Ore/3",
        "ThermalFoundation:Ore/4",
        "ThermalFoundation:Ore/5",
        "ThermalFoundation:Ore/6",
        "aobd:oreDustAluminium/0",
        "aobd:oreDustArdite/0",
        "aobd:oreDustBoron/0",
        "aobd:oreDustCadmium/0",
        "aobd:oreDustCobalt/0",
        "aobd:oreDustDraconium/0",
        "aobd:oreDustIndium/0",
        "aobd:oreDustLithium/0",
        "aobd:oreDustMagnesium/0",
        "aobd:oreDustMithril/0",
        "aobd:oreDustObsidian/0",
        "aobd:oreDustPlutonium/0",
        "aobd:oreDustShadow/0",
        "aobd:oreDustThorium/0",
        "aobd:oreDustUranium/0",
        "aobd:oreDustYellorium/0",
        "aobd:oreGravelAluminium/0",
        "aobd:oreGravelArdite/0",
        "aobd:oreGravelBoron/0",
        "aobd:oreGravelCadmium/0",
        "aobd:oreGravelCobalt/0",
        "aobd:oreGravelDraconium/0",
        "aobd:oreGravelIndium/0",
        "aobd:oreGravelLithium/0",
        "aobd:oreGravelMagnesium/0",
        "aobd:oreGravelMithril/0",
        "aobd:oreGravelObsidian/0",
        "aobd:oreGravelPlutonium/0",
        "aobd:oreGravelShadow/0",
        "aobd:oreGravelThorium/0",
        "aobd:oreGravelUranium/0",
        "aobd:oreGravelYellorium/0",
        "aobd:oreNetherGravelAluminium/0",
        "aobd:oreNetherGravelArdite/0",
        "aobd:oreNetherGravelBoron/0",
        "aobd:oreNetherGravelCadmium/0",
        "aobd:oreNetherGravelCobalt/0",
        "aobd:oreNetherGravelDraconium/0",
        "aobd:oreNetherGravelIndium/0",
        "aobd:oreNetherGravelLithium/0",
        "aobd:oreNetherGravelMagnesium/0",
        "aobd:oreNetherGravelMithril/0",
        "aobd:oreNetherGravelObsidian/0",
        "aobd:oreNetherGravelPlutonium/0",
        "aobd:oreNetherGravelShadow/0",
        "aobd:oreNetherGravelThorium/0",
        "aobd:oreNetherGravelUranium/0",
        "aobd:oreNetherGravelYellorium/0",
        "aobd:oreSandAluminium/0",
        "aobd:oreSandArdite/0",
        "aobd:oreSandBoron/0",
        "aobd:oreSandCadmium/0",
        "aobd:oreSandCobalt/0",
        "aobd:oreSandDraconium/0",
        "aobd:oreSandIndium/0",
        "aobd:oreSandLithium/0",
        "aobd:oreSandMagnesium/0",
        "aobd:oreSandMithril/0",
        "aobd:oreSandObsidian/0",
        "aobd:oreSandPlutonium/0",
        "aobd:oreSandShadow/0",
        "aobd:oreSandThorium/0",
        "aobd:oreSandUranium/0",
        "aobd:oreSandYellorium/0",
        "appliedenergistics2:tile.OreQuartz/0",
        "appliedenergistics2:tile.OreQuartzCharged/0",
        "deepresonance:oreResonating/0",
        "magicalcrops:magicalcrops_MinicioOre/0",
        "minechem:tile.oreUranium/0",
        "minecraft:coal_ore",
        "minecraft:cobblestone_wall",
        "minecraft:diamond_ore",
        "minecraft:emerald_ore",
        "minecraft:glowstone",
        "minecraft:gold_ore",
        "minecraft:iron_ore",
        "minecraft:lapis_ore",
        "minecraft:lit_redstone_ore",
        "minecraft:mossy_cobblestone",
        "minecraft:nether_brick_fence",
        "minecraft:obsidian",
        "minecraft:quartz_ore",
        "minecraft:redstone_ore"
      ]
    },
    "shears": {
      "name": "Shears",
      "icon": "minecraft:shears",
      "toollist": [
        "IC2:itemToolBronzeHoe",
        "minecraft:shears"
      ],
      "blocklist": [
        "ChromatiCraft:chromaticraft_block_dyeleaf/0",
        "ChromatiCraft:chromaticraft_block_dyeleaf/1",
        "ChromatiCraft:chromaticraft_block_dyeleaf/2",
        "ChromatiCraft:chromaticraft_block_dyeleaf/3",
        "ChromatiCraft:chromaticraft_block_dyeleaf/4",
        "ChromatiCraft:chromaticraft_block_dyeleaf/5",
        "ChromatiCraft:chromaticraft_block_dyeleaf/6",
        "ChromatiCraft:chromaticraft_block_dyeleaf/7",
        "ChromatiCraft:chromaticraft_block_dyeleaf/8",
        "ChromatiCraft:chromaticraft_block_dyeleaf/9",
        "ChromatiCraft:chromaticraft_block_dyeleaf/10",
        "ChromatiCraft:chromaticraft_block_dyeleaf/11",
        "ChromatiCraft:chromaticraft_block_dyeleaf/12",
        "ChromatiCraft:chromaticraft_block_dyeleaf/13",
        "ChromatiCraft:chromaticraft_block_dyeleaf/14",
        "ChromatiCraft:chromaticraft_block_dyeleaf/15",
        "Forestry:leaves",
        "IC2:blockRubLeaves",
        "Natura:Dark Leaves",
        "Natura:Rare Leaves",
        "Natura:floraleaves",
        "Natura:floraleavesnocolor",
        "minecraft:deadbush",
        "minecraft:leaves",
        "minecraft:leaves2",
        "minecraft:tallgrass",
        "minecraft:vine",
        "minecraft:web",
        "minecraft:wool",
        "witchery:witchleaves"
      ]
    },
    "shovel": {
      "name": "Shovel",
      "icon": "minecraft:diamond_shovel",
      "toollist": [
        "IC2:itemToolBronzeSpade",
        "TConstruct:mattock",
        "TConstruct:shovel",
        "appliedenergistics2:item.ToolCertusQuartzSpade",
        "appliedenergistics2:item.ToolNetherQuartzSpade",
        "minecraft:diamond_shovel",
        "minecraft:golden_shovel",
        "minecraft:iron_shovel",
        "minecraft:stone_shovel",
        "minecraft:wooden_shovel"
      ],
      "blocklist": [
        "minecraft:clay",
        "minecraft:gravel"
      ]
    }
  }
}