[
  {
    "name":"brandon3055",
    "ign":"brandon3055",
    "contribution":"Creator",
    "details":"Hello! I am the creator of Draconic Evolution and i really hope you are enjoying the mod! The following people have all helped draconic evolution in one way or another and i am eternally grateful for their support! I am also a supporter of the Lolnet Minecraft Community!",
    "website":"http://www.brandon3055.com/",
    "contributionLevel":3
  },
  {
    "name":"GreatOrator",
    "ign":"GreatOrator",
    "contribution":"All the things!!! and now a Patreon",
    "details":"GreatOrator has been my BIGGEST supporter from day 1! He has helped with everything from feature ideas and textures to to PR and Web design. Draconic Evolution would not be what it is today without him. Thank You GreatOrator!",
    "website":"http://www.tolkiencraft.com/",
    "contributionLevel":3
  },
  {
    "name":"Sn0wShepherd",
    "ign":"snowshepherd",
    "contribution":"Texture and Model creator",
    "details":"Sn0w is responsible fore all of the new 16x textures added in version 1.0.2. As well as all of the new 3D tool and armor models.",
    "website":"http://www.aleciashepherd.com/",
    "contributionLevel":3
  },
  {
    "name":"Hachiseiko",
    "ign":"Hachiseiko",
    "contribution":"Texture creator",
    "details":"Hachiseiko created the original textures for the Draconic Evolution tools and weapons.",
    "website":"",
    "contributionLevel":0
  },
  {
    "name":"Skeletonpunk",
    "ign":"Skeletonpunk",
    "contribution":"Model creator",
    "details":"Skeletonpunk created the original 3D armor models that were in use for a short period before being replaced by models created by Sn0wShepherd. Although they weren't around long i still appreciate the work that went into them.",
    "website":"",
    "contributionLevel":0
  },
  {
    "name":"covers1624",
    "ign":"covers1624",
    "contribution":"Maintains Code Chicken Lib",
    "details":"Covers is an awesome guy! He didnt just give me permission to use CCL he actively insisted because its awesome! He also tells me when im doing things wrong and in exchange i am teaching him basic math.",
    "website":"https://twitter.com/covers1624",
    "contributionLevel":3
  },
  {
    "name":"TheMattaBase",
    "ign":"TheMattaBase",
    "contribution":"Friend of brandon3055",
    "details":"[UNLISTED]",
    "website":"",
    "contributionLevel":3
  },
  {
    "name":"dezil_nz",
    "ign":"dezil_nz",
    "contribution":"One of the founders of the lolnet minecraft comminity!",
    "details":"[UNLISTED]",
    "website":"",
    "contributionLevel":3
  },
  {
    "name":"LX_Gaming",
    "ign":"LX_Gaming",
    "contribution":"Lolnet Staff",
    "details":"[UNLISTED]",
    "website":"",
    "contributionLevel":3
  },
  {
    "name":"Direwolf20",
    "ign":"direwolf20",
    "contribution":"Awesome Person",
    "details":"Direwolf20's videos are the reason i first started playing modded minecraft soo long ago. This of course eventually lead to me creating Draconic Evolution and all my other mods. So in a way he is responsible for the existance my mods. Thanks Dire!",
    "website":"https://www.youtube.com/user/direwolf20",
    "contributionLevel":3
  },
  {
    "name":"Soaryn",
    "ign":"Soaryn",
    "contribution":"Awesome Person",
    "details":"Soaryn inspires me every day to continue working on my mods and releasing new update by providing a perfect example of what NOT to do! Thanks Soaryn!",
    "website":"",
    "contributionLevel":3
  },
  {
    "name":"texcubsf",
    "ign":"texcubsf",
    "contribution":"Patreon",
    "details":"robertwsf is currently supporting me via Patreon for which i am very grateful!",
    "website":"",
    "contributionLevel":1
  },
  {
    "name":"pxoxd",
    "ign":"pxoxd",
    "contribution":"Patreon",
    "details":"pxoxd is currently supporting me via Patreon for which i am very grateful!",
    "website":"",
    "contributionLevel":1
  },
  {
    "name":"Antric83",
    "ign":"Antric83",
    "contribution":"Patreon",
    "details":"Antric83 is currently supporting me via Patreon for which i am very grateful!",
    "website":"",
    "contributionLevel":1
  },
  {
    "name":"FaMatrix",
    "ign":"FaMatrix",
    "contribution":"Patreon",
    "details":"FaMatrix is currently supporting me via Patreon, He is also an Awesome member of Lolnet!",
    "website":"lolnet.co.nz",
    "contributionLevel":1
  },
  {
    "name":"AmberSienna",
    "ign":"AmberSienna",
    "contribution":"Patreon",
    "details":"AmberSienna is currently supporting me via Patreon for which i am very grateful!",
    "website":"",
    "contributionLevel":1
  },
  {
    "name":"Teraphina",
    "ign":"Teraphina",
    "contribution":"Patreon",
    "details":"Teraphina is currently supporting me via Patreon. Teraphina was also one of the beta testers for Draconic Evolution via Tolkiencraft",
    "website":"disciplesoftherockministries.org",
    "contributionLevel":1
  },
  {
    "name":"Soulrift",
    "ign":"Soulrift",
    "contribution":"Patreon",
    "details":"Soulrift is currently supporting me via Patreon for which i am very grateful!",
    "website":"https://www.twitch.tv/soulriftx",
    "contributionLevel":1
  },
  {
    "name":"Drekryan",
    "ign":"Drekryan",
    "contribution":"Patreon",
    "details":"Drekryan is currently supporting me via Patreon for which i am very grateful!",
    "website":"http://twitter.com/dreklamb",
    "contributionLevel":1
  },
  {
    "name":"xSquibbyx",
    "ign":"xSquibbyx",
    "contribution":"Patreon",
    "details":"xSquibbyx is currently supporting me via Patreon for which i am very grateful!",
    "website":"",
    "contributionLevel":1
  },
  {
    "name":"The_Swordsmen",
    "ign":"The_Swordsmen",
    "contribution":"Patreon",
    "details":"The_Swordsmen is currently supporting me via Patreon for which i am very grateful!",
    "website":"",
    "contributionLevel":1
  },
  {
    "name":"EricBrian",
    "ign":"EricBrian",
    "contribution":"Patreon",
    "details":"EricBrian is currently supporting me via Patreon for which i am very grateful!",
    "website":"",
    "contributionLevel":1
  },
  {
    "name":"ModAPI",
    "ign":"ModAPI",
    "contribution":"Patreon",
    "details":"ModAPI is currently supporting me via Patreon for which i am very grateful!",
    "website":"https://twitter.com/AmathewsGaming",
    "contributionLevel":1
  },
  {
    "name":"Mikepet",
    "ign":"Mikepet",
    "contribution":"Patreon",
    "details":"Mikepet is currently supporting me via Patreon for which i am very grateful!",
    "website":"",
    "contributionLevel":1
  },
  {
    "name":"Halacon",
    "ign":"halacon",
    "contribution":"Patreon",
    "details":"Halacon is currently supporting me via Patreon for which i am very grateful!",
    "website":"",
    "contributionLevel":1
  },
  {
    "name":"Nick_J_M",
    "ign":"Nick_J_M",
    "contribution":"Patreon",
    "details":"Nick is currently supporting me via Patreon for which i am very grateful!",
    "website":"",
    "contributionLevel":1
  },
  {
    "name":"Edward",
    "ign":"WintrAU",
    "contribution":"Patreon",
    "details":"Edward is currently supporting me via Patreon for which i am very grateful!",
    "website":"",
    "contributionLevel":1
  },
  {
    "name":"Der DracheTV",
    "ign":"Der1Drache",
    "contribution":"Patreon",
    "details":"Der1Drache is currently supporting me via Patreon for which i am very grateful!",
    "website":"",
    "contributionLevel":0
  },
  {
    "name":"WolufHD",
    "ign":"WolufHD",
    "contribution":"Patreon",
    "details":"WolufHD is currently supporting me via Patreon for which i am very grateful!",
    "website":"",
    "contributionLevel":1
  },
  {
    "name":"Morpheus1101",
    "ign":"Morpheus1101",
    "contribution":"Patreon",
    "details":"Morpheus1101 is currently supporting me via Patreon for which i am very grateful!",
    "website":"",
    "contributionLevel":1
  },
  {
    "name":"duomaz",
    "ign":"duomaz",
    "contribution":"Patreon",
    "details":"duomaz is currently supporting me via Patreon for which i am very grateful!",
    "website":"",
    "contributionLevel":1
  },
  {
    "name":"Zudakai",
    "ign":"Zudakai",
    "contribution":"Patreon",
    "details":"Zudakai is currently supporting me via Patreon for which i am very grateful!",
    "website":"",
    "contributionLevel":1
  },
  {
    "name":"Nexus_Chris",
    "ign":"Nexus_Chris",
    "contribution":"Patreon",
    "details":"Nexus_Chris is currently supporting me via Patreon for which i am very grateful!",
    "website":"",
    "contributionLevel":1
  },
  {
    "name":"Snakemgr12",
    "ign":"Snakemgr12",
    "contribution":"Patreon",
    "details":"Snakemgr12 is currently supporting me via Patreon for which i am very grateful!",
    "website":"",
    "contributionLevel":1
  },
  {
    "name":"Mhoku",
    "ign":"Mhoku_",
    "contribution":"Patreon",
    "details":"Mhoku is currently supporting me via Patreon for which i am very grateful!",
    "website":"https://twitter.com/Mhoku_",
    "contributionLevel":1
  },
  {
    "name":"OneEyeMaker",
    "ign":"OneEyeMaker",
    "contribution":"Code Contributor",
    "details":"OneEyeMaker is responsible for the config overhall in 1.0.2f",
    "website":"",
    "contributionLevel":1
  },
  {
    "name":"KWPUGH",
    "ign":"KWPUGH",
    "contribution":"Donator",
    "details":"I would just like to say thankyou to KWPUGH for supporting the development of Draconic Evolution.",
    "website":"",
    "contributionLevel":1
  }
]