{
  "links":
  {
    "treated":
    {
      "type": "image",
      "link": "images/treated.png" 
    },
	
    "hammer":
    {
      "type": "image",
      "link": "images/hammer.png" 
    },
	
	"ironplate":
    {
      "type": "image",
      "link": "images/ironplate.png" 
    },
	
	"bucket":
    {
      "type": "image",
      "link": "images/bucket.png" 
    },
	
	"toolforge":
    {
      "type": "image",
      "link": "images/toolforge.png" 
    },
	
	"furnace":
    {
      "type": "image",
      "link": "images/furnace.png" 
    },
	
	"ironpick":
    {
      "type": "image",
      "link": "images/ironpick.png" 
    },
	
	"stonepick":
    {
      "type": "image",
      "link": "images/stonepick.png" 
    },
	
	"woodenpick":
    {
      "type": "image",
      "link": "images/woodenpick.png" 
    },
	
	"grout":
    {
      "type": "image",
      "link": "images/grout.png" 
    },
	
	"peat":
    {
      "type": "image",
      "link": "images/peat.png" 
    },
	
	"hobby":
    {
      "type": "image",
      "link": "images/hobby.png" 
    },
	
	"gears":
    {
      "type": "image",
      "link": "images/gears.png" 
    },
	
	"survivalist":
    {
      "type": "image",
      "link": "images/survivalist.png" 
    },
	
	"goldchest":
    {
      "type": "image",
      "link": "images/goldchest.png" 
    },
	
	"therm":
    {
      "type": "image",
      "link": "images/therm.png" 
    },
	
	"laser":
    {
      "type": "image",
      "link": "images/laser.png" 
    },
	
	"assembly":
    {
      "type": "image",
      "link": "images/assembly.png" 
    },
	
	"carpenter":
    {
      "type": "image",
      "link": "images/carpenter.png" 
    },
	
	"rockcrusher":
    {
      "type": "image",
      "link": "images/rockcrusher.png" 
    },
	
	"rockcrushercomp":
    {
      "type": "image",
      "link": "images/rockcrushercomp.png" 
    },
	
	"metalformer":
    {
      "type": "image",
      "link": "images/metalformer.png" 
    },
	
	"toolbox":
    {
      "type": "image",
      "link": "images/toolbox.png" 
    },
	
	"machinecase":
    {
      "type": "image",
      "link": "images/machinecase.png" 
    },
	
	"coil":
    {
      "type": "image",
      "link": "images/coil.png" 
    },
	
	"cutting":
    {
      "type": "image",
      "link": "images/cutting.png" 
    },
	
	"extruding":
    {
      "type": "image",
      "link": "images/extruding.png" 
    },
	
	"rolling":
    {
      "type": "image",
      "link": "images/rolling.png" 
    },
	
	"waterwheel":
    {
      "type": "image",
      "link": "images/waterwheel.png" 
    },
	
	"segment":
    {
      "type": "image",
      "link": "images/segment.png" 
    },
	
	"dynamo":
    {
      "type": "image",
      "link": "images/dynamo.png" 
    },
	
	"watersetup":
    {
      "type": "image",
      "link": "images/watersetup.png" 
    },
	
	"diretable":
    {
      "type": "image",
      "link": "images/diretable.png" 
    },
	
	"ingot":
    {
      "type": "image",
      "link": "images/ingot.png" 
    },
	
	"cell":
    {
      "type": "image",
      "link": "images/cell.png" 
    },
	
	"tank":
    {
      "type": "image",
      "link": "images/tank.png" 
    },
	
	"angel":
    {
      "type": "image",
      "link": "images/angel.png" 
    },
	
	"iridium":
    {
      "type": "image",
      "link": "images/iridium.png" 
    },
	
	"controller":
    {
      "type": "image",
      "link": "images/controller.png" 
    },
	
	"petal":
    {
      "type": "image",
      "link": "images/petal.png" 
    },
	
	"puredaisy":
    {
      "type": "image",
      "link": "images/puredaisy.png" 
    },
	
	"livingrock":
    {
      "type": "image",
      "link": "images/livingrock.png" 
    },
	
	"livingwood":
    {
      "type": "image",
      "link": "images/livingwood.png" 
    },
	
	"dmanapool":
    {
      "type": "image",
      "link": "images/dmanapool.png" 
    },
	
	"manapool":
    {
      "type": "image",
      "link": "images/manapool.png" 
    },
	
	"daybloom":
    {
      "type": "image",
      "link": "images/daybloom.png" 
    },
	
	"nightshade":
    {
      "type": "image",
      "link": "images/nightshade.png" 
    },
	
	"wand":
    {
      "type": "image",
      "link": "images/wand.png" 
    },
	
	"greatwood":
    {
      "type": "image",
      "link": "images/greatwood.png" 
    },
	
	"table":
    {
      "type": "image",
      "link": "images/table.png" 
    },
	
	"goldenwand":
    {
      "type": "image",
      "link": "images/goldenwand.png" 
    },
	
	"endoflame":
    {
      "type": "image",
      "link": "images/endoflame.png" 
    },
	
	"witchesoven":
    {
      "type": "image",
      "link": "images/witchesoven.png" 
    },
	
	"seed4":
    {
      "type": "image",
      "link": "images/seed4.png" 
    },
	
	"seed3":
    {
      "type": "image",
      "link": "images/seed3.png" 
    },
	
	"seed2":
    {
      "type": "image",
      "link": "images/seed2.png" 
    },
	
	"seed1":
    {
      "type": "image",
      "link": "images/seed1.png" 
    },
	
	"firecharge":
    {
      "type": "image",
      "link": "images/firecharge.png" 
    },
	
	"netherrack":
    {
      "type": "image",
      "link": "images/netherrack.png" 
    },
	
	"mutandis":
    {
      "type": "image",
      "link": "images/mutandis.png" 
    },
	
	"attunedstone":
    {
      "type": "image",
      "link": "images/attunedstone.png" 
    },
	
	"bloodaltar":
    {
      "type": "image",
      "link": "images/bloodaltar.png" 
    },
	
	"afurnace":
    {
      "type": "image",
      "link": "images/afurnace.png" 
    },
	
	"arcanestone":
    {
      "type": "image",
      "link": "images/arcanestone.png" 
    },
	
	"manasteel1":
    {
      "type": "image",
      "link": "images/manasteel1.png" 
    },
	
	"manasteel2":
    {
      "type": "image",
      "link": "images/manasteel2.png" 
    },
	
	"slate":
    {
      "type": "image",
      "link": "images/slate.png" 
    },
	
	"matrix":
    {
      "type": "image",
      "link": "images/matrix.png" 
    },
	
	"runicalter":
    {
      "type": "image",
      "link": "images/runicalter.png" 
    },
	
	"manarune":
    {
      "type": "image",
      "link": "images/manarune.png" 
    },
	
	"goldenchalk":
    {
      "type": "image",
      "link": "images/goldenchalk.png" 
    },
	
	"chalk":
    {
      "type": "image",
      "link": "images/chalk.png" 
    },
	
	"gypsum":
    {
      "type": "image",
      "link": "images/gypsum.png" 
    },
	
	"distillery":
    {
      "type": "image",
      "link": "images/distillery.png" 
    },
	
	"goddesstear":
    {
      "type": "image",
      "link": "images/goddesstear.png" 
    },
	
	"goddess":
    {
      "type": "image",
      "link": "images/goddess.png" 
    },
	
	"altar":
    {
      "type": "image",
      "link": "images/altar.png" 
    },
	
	"horned":
    {
      "type": "image",
      "link": "images/horned.png" 
    },
	
	"bloodorb1":
    {
      "type": "image",
      "link": "images/bloodorb1.png" 
    },
	
	"bloodorb2":
    {
      "type": "image",
      "link": "images/bloodorb2.png" 
    },
	
	"pris":
    {
      "type": "image",
      "link": "images/pris.png" 
    },
	
	"alchemy":
    {
      "type": "image",
      "link": "images/alchemy.png" 
    },
	
	"brew":
    {
      "type": "image",
      "link": "images/brew.png" 
    },
	
	"mundis":
    {
      "type": "image",
      "link": "images/mundis.png" 
    },
	
	"balanced":
    {
      "type": "image",
      "link": "images/balanced.png" 
    },
	
	"anointing":
    {
      "type": "image",
      "link": "images/anointing.png" 
    },
	
	"magic":
    {
      "type": "image",
      "link": "images/magic.png" 
    },
	
	"orb":
    {
      "type": "image",
      "link": "images/orb.png" 
    },
	
	"cpool":
    {
      "type": "image",
      "link": "images/cpool.png" 
    },
	
	    "friends_gui":
    {
      "type": "image",
      "link": "images/friends_gui.png",
      "hover": "Adding friends in FriendsGUI"
    },
    
    "link_1":
    {
      "type": "url",
      "link": "http://imgur.com/",
      "title": "�6[Click to open this very long url here. Doubt? There should be no doubt!]",
      "hover": "Imgur"
    },
    
    "link_2":
    {
      "type": "image",
      "link": "images/screen_bt.png",
      "hover": "Click to open image"
    },
    
    "link_3":
    {
      "type": "image_url",
      "link": "http://i.imgur.com/YTW0tKW.png",
      "hover": "Click to open online image"
    }
  }
}